{"train_accuracy": [0.48100000619888306, 0.5730000138282776, 0.6129999756813049, 0.6240000128746033, 0.6159999966621399, 0.6060000061988831, 0.6110000014305115, 0.6069999933242798, 0.6039999723434448, 0.6019999980926514, 0.6060000061988831, 0.6119999885559082, 0.6129999756813049, 0.6150000095367432, 0.6159999966621399, 0.6159999966621399, 0.6209999918937683, 0.625, 0.6269999742507935, 0.6299999952316284, 0.6340000033378601, 0.6349999904632568, 0.6349999904632568, 0.6349999904632568, 0.6380000114440918, 0.6389999985694885, 0.6389999985694885, 0.6399999856948853, 0.640999972820282, 0.6399999856948853, 0.6449999809265137, 0.6460000276565552, 0.6489999890327454, 0.6539999842643738, 0.656000018119812, 0.6570000052452087, 0.6579999923706055, 0.6589999794960022, 0.6600000262260437, 0.6610000133514404, 0.6610000133514404, 0.6620000004768372, 0.6629999876022339, 0.6629999876022339, 0.6650000214576721, 0.6660000085830688, 0.6690000295639038, 0.6690000295639038, 0.6710000038146973, 0.6710000038146973, 0.675000011920929, 0.6779999732971191, 0.6869999766349792, 0.6940000057220459, 0.6980000138282776, 0.7020000219345093, 0.7080000042915344, 0.7139999866485596, 0.7239999771118164, 0.7289999723434448, 0.7319999933242798, 0.7400000095367432, 0.7440000176429749, 0.7559999823570251, 0.7630000114440918, 0.7720000147819519, 0.7720000147819519, 0.7770000100135803, 0.7879999876022339, 0.7910000085830688, 0.7919999957084656, 0.800000011920929, 0.8080000281333923, 0.8180000185966492, 0.8220000267028809, 0.8270000219345093, 0.8289999961853027, 0.8309999704360962, 0.8320000171661377, 0.8339999914169312, 0.8429999947547913, 0.847000002861023, 0.8550000190734863, 0.8569999933242798, 0.8629999756813049, 0.8659999966621399, 0.8679999709129333, 0.8740000128746033, 0.8769999742507935, 0.8809999823570251, 0.8870000243186951, 0.8930000066757202, 0.8960000276565552, 0.9020000100135803, 0.9070000052452087, 0.9120000004768372, 0.9190000295639038, 0.9210000038146973, 0.9259999990463257, 0.9269999861717224], "test_accuracy": [0.5180000066757202, 0.5799999833106995, 0.5989999771118164, 0.5960000157356262, 0.597000002861023, 0.5849999785423279, 0.5839999914169312, 0.5820000171661377, 0.5830000042915344, 0.5799999833106995, 0.574999988079071, 0.5770000219345093, 0.5820000171661377, 0.5849999785423279, 0.5870000123977661, 0.5910000205039978, 0.5879999995231628, 0.5920000076293945, 0.5929999947547913, 0.593999981880188, 0.597000002861023, 0.6000000238418579, 0.6010000109672546, 0.6029999852180481, 0.6069999933242798, 0.6100000143051147, 0.609000027179718, 0.6110000014305115, 0.6119999885559082, 0.6150000095367432, 0.6159999966621399, 0.6200000047683716, 0.6209999918937683, 0.6209999918937683, 0.621999979019165, 0.6230000257492065, 0.6240000128746033, 0.6240000128746033, 0.6259999871253967, 0.6290000081062317, 0.628000020980835, 0.6290000081062317, 0.6290000081062317, 0.6309999823570251, 0.6309999823570251, 0.6320000290870667, 0.6320000290870667, 0.6330000162124634, 0.6340000033378601, 0.6370000243186951, 0.6439999938011169, 0.6539999842643738, 0.6610000133514404, 0.6650000214576721, 0.6740000247955322, 0.6809999942779541, 0.6840000152587891, 0.6919999718666077, 0.6959999799728394, 0.7039999961853027, 0.7099999785423279, 0.7139999866485596, 0.7170000076293945, 0.7250000238418579, 0.7350000143051147, 0.7390000224113464, 0.746999979019165, 0.7570000290870667, 0.7609999775886536, 0.765999972820282, 0.777999997138977, 0.7860000133514404, 0.7950000166893005, 0.8050000071525574, 0.8109999895095825, 0.8140000104904175, 0.8190000057220459, 0.824999988079071, 0.8299999833106995, 0.8320000171661377, 0.8379999995231628, 0.8410000205039978, 0.8460000157356262, 0.8519999980926514, 0.8610000014305115, 0.8669999837875366, 0.8700000047683716, 0.8700000047683716, 0.8759999871253967, 0.8790000081062317, 0.8840000033378601, 0.8870000243186951, 0.8930000066757202, 0.8939999938011169, 0.8980000019073486, 0.9070000052452087, 0.9120000004768372, 0.9139999747276306, 0.9139999747276306, 0.9160000085830688], "train_loss": [753.072998046875, 593.6123046875, 533.0026245117188, 509.6369323730469, 499.52301025390625, 494.125732421875, 490.5811767578125, 487.9105529785156, 485.7393798828125, 483.8932800292969, 482.2735900878906, 480.81591796875, 479.4752197265625, 478.21893310546875, 477.0225830078125, 475.8686218261719, 474.742919921875, 473.6351623535156, 472.53729248046875, 471.4429626464844, 470.34716796875, 469.2457275390625, 468.1353759765625, 467.01318359375, 465.8766784667969, 464.72381591796875, 463.552490234375, 462.36102294921875, 461.14764404296875, 459.9109802246094, 458.64935302734375, 457.3612365722656, 456.0451965332031, 454.6999206542969, 453.32391357421875, 451.9156799316406, 450.473876953125, 448.99700927734375, 447.4837341308594, 445.9325866699219, 444.34210205078125, 442.7106018066406, 441.036865234375, 439.3193359375, 437.5563049316406, 435.7464599609375, 433.8880920410156, 431.97979736328125, 430.01983642578125, 428.0068359375, 425.9390869140625, 423.8149108886719, 421.6329650878906, 419.3914794921875, 417.0890197753906, 414.723876953125, 412.2945861816406, 409.79949951171875, 407.23712158203125, 404.60595703125, 401.90447998046875, 399.1312255859375, 396.2846984863281, 393.36358642578125, 390.3664245605469, 387.2918395996094, 384.1387023925781, 380.90576171875, 377.5917663574219, 374.1956787109375, 370.7165832519531, 367.15362548828125, 363.5060119628906, 359.77313232421875, 355.95477294921875, 352.0505065917969, 348.0605773925781, 343.98516845703125, 339.82489013671875, 335.5808410644531, 331.2543029785156, 326.8470153808594, 322.3614807128906, 317.8005676269531, 313.16766357421875, 308.4670715332031, 303.7034606933594, 298.88262939453125, 294.01104736328125, 289.0957946777344, 284.1449279785156, 279.1673889160156, 274.1728515625, 269.1717834472656, 264.17529296875, 259.1952819824219, 254.24398803710938, 249.3342742919922, 244.4790496826172, 239.69146728515625], "test_loss": [644.2544555664062, 553.5562744140625, 520.1016845703125, 507.0920104980469, 501.08746337890625, 497.5981140136719, 495.1607360839844, 493.2651062011719, 491.6990966796875, 490.352294921875, 489.15576171875, 488.0619812011719, 487.0367736816406, 486.0550537109375, 485.0987854003906, 484.1541442871094, 483.2112121582031, 482.2625732421875, 481.3023376464844, 480.32647705078125, 479.3316650390625, 478.31524658203125, 477.27520751953125, 476.20989990234375, 475.1177062988281, 473.99755859375, 472.8481140136719, 471.6683044433594, 470.4571838378906, 469.2137145996094, 467.9366149902344, 466.62506103515625, 465.2779541015625, 463.8941345214844, 462.4725646972656, 461.0119934082031, 459.5113525390625, 457.9693908691406, 456.3849792480469, 454.75665283203125, 453.0832214355469, 451.3634033203125, 449.5958251953125, 447.77911376953125, 445.9119567871094, 443.9930114746094, 442.020751953125, 439.9937744140625, 437.91070556640625, 435.77001953125, 433.5705261230469, 431.3105773925781, 428.989013671875, 426.6040344238281, 424.1545104980469, 421.6390686035156, 419.0561828613281, 416.40447998046875, 413.6827087402344, 410.8896179199219, 408.0236511230469, 405.0838317871094, 402.06884765625, 398.97723388671875, 395.8080749511719, 392.5601501464844, 389.23236083984375, 385.82379150390625, 382.3334045410156, 378.7602233886719, 375.10357666015625, 371.36273193359375, 367.5370788574219, 363.6263122558594, 359.6301574707031, 355.5484619140625, 351.3814392089844, 347.1296691894531, 342.7938232421875, 338.3751220703125, 333.87506103515625, 329.29559326171875, 324.639404296875, 319.9093933105469, 315.10943603515625, 310.2439880371094, 305.3179016113281, 300.33734130859375, 295.3089904785156, 290.2401428222656, 285.1395263671875, 280.01611328125, 274.8800354003906, 269.7420349121094, 264.6136779785156, 259.5068359375, 254.43441772460938, 249.4092254638672, 244.44444274902344, 239.55343627929688]}